Title,Company,Reward,Link
풀스택 앱 개발자 (Full-stack App Developer),휴라이트,합격보상금 100만원,https://www.wanted.co.kr/wd/339685
앱(Flutter) 개발,어플레이즈,합격보상금 100만원,https://www.wanted.co.kr/wd/339648
Front-End Developer (AI SaaS),제로,합격보상금 100만원,https://www.wanted.co.kr/wd/331955
AI 학습앱 Flutter 개발자 (2년 이상),위버스마인드,합격보상금 100만원,https://www.wanted.co.kr/wd/330372
Flutter/Dart 풀스택 엔지니어,코코드,합격보상금 100만원,https://www.wanted.co.kr/wd/279435
클라이언트 엔지니어(팀원),로완,합격보상금 100만원,https://www.wanted.co.kr/wd/317130
Flutter 개발자(0~3년차),보이노시스,합격보상금 100만원,https://www.wanted.co.kr/wd/340938
Platform Engineer,마스오토,합격보상금 100만원,https://www.wanted.co.kr/wd/299464
풀스택 앱 개발자 (Full-stack App Developer),휴라이트,합격보상금 100만원,https://www.wanted.co.kr/wd/339685
앱(Flutter) 개발,어플레이즈,합격보상금 100만원,https://www.wanted.co.kr/wd/339648
Front-End Developer (AI SaaS),제로,합격보상금 100만원,https://www.wanted.co.kr/wd/331955
AI 학습앱 Flutter 개발자 (2년 이상),위버스마인드,합격보상금 100만원,https://www.wanted.co.kr/wd/330372
Flutter/Dart 풀스택 엔지니어,코코드,합격보상금 100만원,https://www.wanted.co.kr/wd/279435
클라이언트 엔지니어(팀원),로완,합격보상금 100만원,https://www.wanted.co.kr/wd/317130
Flutter 개발자(0~3년차),보이노시스,합격보상금 100만원,https://www.wanted.co.kr/wd/340938
Platform Engineer,마스오토,합격보상금 100만원,https://www.wanted.co.kr/wd/299464
[메가스터디교육 자회사] 앱 개발자 (Flutter),마이스,합격보상금 100만원,https://www.wanted.co.kr/wd/318516
모바일 엔지니어 (Flutter),엘리스,합격보상금 100만원,https://www.wanted.co.kr/wd/262121
안드로이드 개발자 (리더급),위버스마인드,합격보상금 100만원,https://www.wanted.co.kr/wd/336126
[병역특례 현역/보충역] Flutter개발자,넛지헬스케어(캐시워크),합격보상금 100만원,https://www.wanted.co.kr/wd/168259
Flutter Web CRM 개발자,에이치아이티,합격보상금 100만원,https://www.wanted.co.kr/wd/270330
프론트 엔지니어 (2~5년),넥스트그라운드,합격보상금 100만원,https://www.wanted.co.kr/wd/340569
Flutter Mobile Engineer,유모스원,합격보상금 100만원,https://www.wanted.co.kr/wd/340668
앱개발자(Flutter),이자,합격보상금 100만원,https://www.wanted.co.kr/wd/339780
모바일 앱 개발자(Flutter),에잇퍼센트(8PERCENT),합격보상금 100만원,https://www.wanted.co.kr/wd/322850
새벽배송 모바일 앱 Flutter 개발자 (Android / iOS),두핸즈(품고),합격보상금 100만원,https://www.wanted.co.kr/wd/334146
Flutter 모바일 앱 개발자,위밋모빌리티,합격보상금 100만원,https://www.wanted.co.kr/wd/336711
AMR(자율주행로봇) 서비스 앱 개발자,폴라리스쓰리디(Polaris3D),합격보상금 100만원,https://www.wanted.co.kr/wd/339108
[로봇] Flutter 개발자,엑스와이지,합격보상금 100만원,https://www.wanted.co.kr/wd/336107
모바일 앱 개발자 (React Native / Flutter),쥬비스다이어트,합격보상금 100만원,https://www.wanted.co.kr/wd/336828
"[민병철유폰] AI 전문 앱 개발자 (Flutter, iOS) (5~8년)",민병철교육그룹,합격보상금 100만원,https://www.wanted.co.kr/wd/325689
Backend 개발자,에어키친,합격보상금 100만원,https://www.wanted.co.kr/wd/311193
Android or Flutter 앱 개발자,룰루랩(lululab),합격보상금 100만원,https://www.wanted.co.kr/wd/316696
Front-end developer,베스펙스,합격보상금 100만원,https://www.wanted.co.kr/wd/282230
Flutter 개발자(시니어 / 주니어),KAYPLE,합격보상금 100만원,https://www.wanted.co.kr/wd/330354
Sr Flutter Engineer (Coupang Eats),쿠팡,합격보상금 100만원,https://www.wanted.co.kr/wd/323168
Frontend Engineer,우주탐험가,합격보상금 100만원,https://www.wanted.co.kr/wd/310252
Platform Engineer (Entry-level),마스오토,합격보상금 100만원,https://www.wanted.co.kr/wd/336115
Platform Software Engineer (Full-Stack),소울아트,합격보상금 100만원,https://www.wanted.co.kr/wd/315491
모바일 앱 개발자 (Flutter/iOS/Android),오픈플랜,합격보상금 100만원,https://www.wanted.co.kr/wd/324237
Mobile Engineer (English Required),픽스업,합격보상금 100만원,https://www.wanted.co.kr/wd/307000
Flutter 개발자,뉴하이퍼,합격보상금 100만원,https://www.wanted.co.kr/wd/302252
"프론트엔드 / 모바일 (Vue, Flutter) 엔지니어",드래프티파이,합격보상금 100만원,https://www.wanted.co.kr/wd/220132
